{
  "project_info": {
    "project_number": "1019836968754",
    "firebase_url": "https://stb-sample.firebaseio.com",
    "project_id": "stb-sample",
    "storage_bucket": "stb-sample.appspot.com"
  },
  "client": [
    {
      "client_info": {
        "mobilesdk_app_id": "1:1019836968754:android:d10c60ccaa7177d9",
        "android_client_info": {
          "package_name": "tv.airtel.visionsample"
        }
      },
      "oauth_client": [
        {
          "client_id": "1019836968754-8e1jbr69ujm2t44ijelqeq2lcbbg6gdm.apps.googleusercontent.com",
          "client_type": 3
        },
        {
          "client_id": "1019836968754-8e1jbr69ujm2t44ijelqeq2lcbbg6gdm.apps.googleusercontent.com",
          "client_type": 3
        }
      ],
      "api_key": [
        {
          "current_key": "AIzaSyDBcjaLfWg3xqaeFp7mNKi1yE_LN9HxDZ0"
        }
      ],
      "services": {
        "analytics_service": {
          "status": 1
        },
        "appinvite_service": {
          "status": 1,
          "other_platform_oauth_client": []
        },
        "ads_service": {
          "status": 2
        }
      }
    }
  ],
  "configuration_version": "1"
}